ecos_ai|agent_approval|t|retain-control-5engine
ecos_ai|agent_cost|p|retain-control-5engine
ecos_ai|agent_cost_2025_01|t|retain-control-5engine
ecos_ai|agent_cost_2025_02|t|retain-control-5engine
ecos_ai|agent_cost_2025_03|t|retain-control-5engine
ecos_ai|agent_cost_2025_04|t|retain-control-5engine
ecos_ai|agent_cost_2025_05|t|retain-control-5engine
ecos_ai|agent_cost_2025_06|t|retain-control-5engine
ecos_ai|agent_cost_2025_07|t|retain-control-5engine
ecos_ai|agent_cost_2025_08|t|retain-control-5engine
ecos_ai|agent_cost_2025_09|t|retain-control-5engine
ecos_ai|agent_cost_2025_10|t|retain-control-5engine
ecos_ai|agent_cost_2025_11|t|retain-control-5engine
ecos_ai|agent_cost_2025_12|t|retain-control-5engine
ecos_ai|agent_cost_2026_01|t|retain-control-5engine
ecos_ai|agent_cost_2026_02|t|retain-control-5engine
ecos_ai|agent_cost_2026_03|t|retain-control-5engine
ecos_ai|agent_cost_2026_04|t|retain-control-5engine
ecos_ai|agent_cost_2026_05|t|retain-control-5engine
ecos_ai|agent_cost_2026_06|t|retain-control-5engine
ecos_ai|agent_cost_2026_07|t|retain-control-5engine
ecos_ai|agent_cost_2026_08|t|retain-control-5engine
ecos_ai|agent_cost_2026_09|t|retain-control-5engine
ecos_ai|agent_cost_2026_10|t|retain-control-5engine
ecos_ai|agent_cost_2026_11|t|retain-control-5engine
ecos_ai|agent_cost_2026_12|t|retain-control-5engine
ecos_ai|agent_cost_default|t|retain-control-5engine
ecos_ai|agent_definition|t|retain-control-5engine
ecos_ai|agent_evaluation|t|retain-control-5engine
ecos_ai|agent_execution|t|retain-control-5engine
ecos_ai|agent_execution_step|t|retain-control-5engine
ecos_ai|agent_governance_policy|t|retain-control-5engine
ecos_ai|agent_memory|t|retain-control-5engine
ecos_ai|causal_edge|t|retain-control-5engine
ecos_ai|ecos_agent|t|retain-control-5engine
ecos_ai|ecos_agent_registry|t|retain-control-5engine
ecos_ai|ecos_decision_case|t|retain-control-5engine
ecos_ai|ecos_mission|t|retain-control-5engine
ecos_ai|ecos_mission_task|t|retain-control-5engine
ecos_ai|ecos_tool_definition|t|retain-control-5engine
ecos_ai|forecast|t|retain-control-5engine
ecos_ai|optimization_job|t|retain-control-5engine
ecos_ai|scenario|t|retain-control-5engine
ecos_ai|simulation|t|retain-control-5engine
ecos_ai|simulation_result|t|retain-control-5engine
ecos_ai|strategy_recommendation|t|retain-control-5engine
ecos_ai|sys_agent_call_log|t|retain-control-5engine
ecos_ai|sys_agent_profile|t|retain-control-5engine
ecos_ai|world_snapshot|t|retain-control-5engine
ecos_ai|world_state|t|retain-control-5engine
ecos_cognitive|ecos_biz_contract|t|retain-control-5engine
ecos_cognitive|ecos_biz_department|t|retain-control-5engine
ecos_cognitive|ecos_biz_metric|t|retain-control-5engine
ecos_cognitive|ecos_biz_project|t|retain-control-5engine
ecos_cognitive|ecos_biz_target|t|retain-control-5engine
ecos_cognitive|ecos_goal_tracking|t|retain-control-5engine
ecos_cognitive|ecos_wm_causal_link|t|retain-control-5engine
ecos_cognitive|ecos_wm_goal|t|retain-control-5engine
ecos_cognitive|ecos_wm_goal_log|t|retain-control-5engine
ecos_cognitive|ecos_wm_scenario|t|retain-control-5engine
ecos_cognitive|ecos_world_scenarios|t|retain-control-5engine
ecos_data|ecos_cognitive_rule|t|retain-control-5engine
ecos_data|ecos_data_asset|t|retain-control-5engine
ecos_data|ecos_data_asset_field|t|retain-control-5engine
ecos_data|ecos_data_category_tree|t|retain-control-5engine
ecos_data|ecos_data_level_def|t|retain-control-5engine
ecos_data|ecos_data_lineage_edge|t|retain-control-5engine
ecos_data|ecos_data_lineage_node|t|retain-control-5engine
ecos_data|ecos_dq_execution_result|t|retain-control-5engine
ecos_data|ecos_dq_issue|t|retain-control-5engine
ecos_data|ecos_dq_rule|t|retain-control-5engine
ecos_data|ecos_pipeline_definition|t|retain-control-5engine
ecos_data|ecos_pipeline_edge|t|retain-control-5engine
ecos_data|ecos_pipeline_execution|t|retain-control-5engine
ecos_data|ecos_pipeline_node|t|retain-control-5engine
ecos_data|ecos_query_history|t|retain-control-5engine
ecos_data|ecos_query_template|t|retain-control-5engine
ecos_data|ecos_task|t|retain-control-5engine
ecos_data|source|t|retain-control-5engine
ecos_data|td_catalog_item|t|retain-control-5engine
ecos_data|td_data_category|t|retain-control-5engine
ecos_data|td_data_field|t|retain-control-5engine
ecos_data|td_data_resource|t|retain-control-5engine
ecos_data|td_datasource|t|retain-control-5engine
ecos_demo|act_evt_log|t|knownLegacy-drop-demo
ecos_demo|act_ge_bytearray|t|knownLegacy-drop-demo
ecos_demo|act_ge_property|t|knownLegacy-drop-demo
ecos_demo|act_hi_actinst|t|knownLegacy-drop-demo
ecos_demo|act_hi_attachment|t|knownLegacy-drop-demo
ecos_demo|act_hi_comment|t|knownLegacy-drop-demo
ecos_demo|act_hi_detail|t|knownLegacy-drop-demo
ecos_demo|act_hi_entitylink|t|knownLegacy-drop-demo
ecos_demo|act_hi_identitylink|t|knownLegacy-drop-demo
ecos_demo|act_hi_procinst|t|knownLegacy-drop-demo
ecos_demo|act_hi_taskinst|t|knownLegacy-drop-demo
ecos_demo|act_hi_tsk_log|t|knownLegacy-drop-demo
ecos_demo|act_hi_varinst|t|knownLegacy-drop-demo
ecos_demo|act_id_bytearray|t|knownLegacy-drop-demo
ecos_demo|act_id_group|t|knownLegacy-drop-demo
ecos_demo|act_id_info|t|knownLegacy-drop-demo
ecos_demo|act_id_membership|t|knownLegacy-drop-demo
ecos_demo|act_id_priv|t|knownLegacy-drop-demo
ecos_demo|act_id_priv_mapping|t|knownLegacy-drop-demo
ecos_demo|act_id_property|t|knownLegacy-drop-demo
ecos_demo|act_id_token|t|knownLegacy-drop-demo
ecos_demo|act_id_user|t|knownLegacy-drop-demo
ecos_demo|act_procdef_info|t|knownLegacy-drop-demo
ecos_demo|act_re_deployment|t|knownLegacy-drop-demo
ecos_demo|act_re_model|t|knownLegacy-drop-demo
ecos_demo|act_re_procdef|t|knownLegacy-drop-demo
ecos_demo|act_ru_actinst|t|knownLegacy-drop-demo
ecos_demo|act_ru_deadletter_job|t|knownLegacy-drop-demo
ecos_demo|act_ru_entitylink|t|knownLegacy-drop-demo
ecos_demo|act_ru_event_subscr|t|knownLegacy-drop-demo
ecos_demo|act_ru_execution|t|knownLegacy-drop-demo
ecos_demo|act_ru_external_job|t|knownLegacy-drop-demo
ecos_demo|act_ru_history_job|t|knownLegacy-drop-demo
ecos_demo|act_ru_identitylink|t|knownLegacy-drop-demo
ecos_demo|act_ru_job|t|knownLegacy-drop-demo
ecos_demo|act_ru_suspended_job|t|knownLegacy-drop-demo
ecos_demo|act_ru_task|t|knownLegacy-drop-demo
ecos_demo|act_ru_timer_job|t|knownLegacy-drop-demo
ecos_demo|act_ru_variable|t|knownLegacy-drop-demo
ecos_demo|common_file_info|t|knownLegacy-drop-demo
ecos_demo|dw_asset|t|knownLegacy-drop-demo
ecos_demo|dw_contract|t|knownLegacy-drop-demo
ecos_demo|dw_customer|t|knownLegacy-drop-demo
ecos_demo|dw_department|t|knownLegacy-drop-demo
ecos_demo|dw_employee|t|knownLegacy-drop-demo
ecos_demo|dw_product|t|knownLegacy-drop-demo
ecos_demo|dw_product_category|t|knownLegacy-drop-demo
ecos_demo|dw_project|t|knownLegacy-drop-demo
ecos_demo|dw_sales_opportunity|t|knownLegacy-drop-demo
ecos_demo|dw_sales_order|t|knownLegacy-drop-demo
ecos_demo|dw_supplier|t|knownLegacy-drop-demo
ecos_demo|flw_channel_definition|t|knownLegacy-drop-demo
ecos_demo|flw_ev_databasechangelog|t|knownLegacy-drop-demo
ecos_demo|flw_ev_databasechangeloglock|t|knownLegacy-drop-demo
ecos_demo|flw_event_definition|t|knownLegacy-drop-demo
ecos_demo|flw_event_deployment|t|knownLegacy-drop-demo
ecos_demo|flw_event_resource|t|knownLegacy-drop-demo
ecos_demo|flw_ru_batch|t|knownLegacy-drop-demo
ecos_demo|flw_ru_batch_part|t|knownLegacy-drop-demo
ecos_demo|gen_table|t|knownLegacy-drop-demo
ecos_demo|gen_table_column|t|knownLegacy-drop-demo
ecos_demo|old_project1|t|knownLegacy-drop-demo
ecos_demo|old_project2|t|knownLegacy-drop-demo
ecos_demo|old_project3|t|knownLegacy-drop-demo
ecos_demo|old_sys_role|t|knownLegacy-drop-demo
ecos_demo|old_sys_user|t|knownLegacy-drop-demo
ecos_demo|old_sys_user_role|t|knownLegacy-drop-demo
ecos_demo|qrtz_blob_triggers|t|knownLegacy-drop-demo
ecos_demo|qrtz_calendars|t|knownLegacy-drop-demo
ecos_demo|qrtz_cron_triggers|t|knownLegacy-drop-demo
ecos_demo|qrtz_fired_triggers|t|knownLegacy-drop-demo
ecos_demo|qrtz_job_details|t|knownLegacy-drop-demo
ecos_demo|qrtz_locks|t|knownLegacy-drop-demo
ecos_demo|qrtz_paused_trigger_grps|t|knownLegacy-drop-demo
ecos_demo|qrtz_scheduler_state|t|knownLegacy-drop-demo
ecos_demo|qrtz_simple_triggers|t|knownLegacy-drop-demo
ecos_demo|qrtz_simprop_triggers|t|knownLegacy-drop-demo
ecos_demo|qrtz_triggers|t|knownLegacy-drop-demo
ecos_demo|sys_config|t|knownLegacy-drop-demo
ecos_demo|sys_dept|t|knownLegacy-drop-demo
ecos_demo|sys_dept_bak0410|t|knownLegacy-drop-demo
ecos_demo|sys_dict_data|t|knownLegacy-drop-demo
ecos_demo|sys_dict_type|t|knownLegacy-drop-demo
ecos_demo|sys_job|t|knownLegacy-drop-demo
ecos_demo|sys_job_log|t|knownLegacy-drop-demo
ecos_demo|sys_logininfor|t|knownLegacy-drop-demo
ecos_demo|sys_menu|t|knownLegacy-drop-demo
ecos_demo|sys_notice|t|knownLegacy-drop-demo
ecos_demo|sys_oper_log|t|knownLegacy-drop-demo
ecos_demo|sys_post|t|knownLegacy-drop-demo
ecos_demo|sys_role|t|knownLegacy-drop-demo
ecos_demo|sys_role_dept|t|knownLegacy-drop-demo
ecos_demo|sys_role_menu|t|knownLegacy-drop-demo
ecos_demo|sys_user|t|knownLegacy-drop-demo
ecos_demo|sys_user_post|t|knownLegacy-drop-demo
ecos_demo|sys_user_role|t|knownLegacy-drop-demo
ecos_demo|td_alarm_factor|t|knownLegacy-drop-demo
ecos_demo|td_alarm_rule|t|knownLegacy-drop-demo
ecos_demo|td_alarm_rule_detail|t|knownLegacy-drop-demo
ecos_demo|td_alarm_rule_frequency|t|knownLegacy-drop-demo
ecos_demo|td_alarm_rule_notice|t|knownLegacy-drop-demo
ecos_demo|td_approval_application|t|knownLegacy-drop-demo
ecos_demo|td_approval_application_attachment|t|knownLegacy-drop-demo
ecos_demo|td_approval_asset_evaluation|t|knownLegacy-drop-demo
ecos_demo|td_approval_board_decision|t|knownLegacy-drop-demo
ecos_demo|td_approval_core_terms|t|knownLegacy-drop-demo
ecos_demo|td_approval_expert_review|t|knownLegacy-drop-demo
ecos_demo|td_approval_feasibility_study|t|knownLegacy-drop-demo
ecos_demo|td_approval_followup|t|knownLegacy-drop-demo
ecos_demo|td_approval_fund_yearly_investment|t|knownLegacy-drop-demo
ecos_demo|td_approval_investment_committee|t|knownLegacy-drop-demo
ecos_demo|td_approval_key_matter|t|knownLegacy-drop-demo
ecos_demo|td_approval_legal_review|t|knownLegacy-drop-demo
ecos_demo|td_approval_park_operations|t|knownLegacy-drop-demo
ecos_demo|td_approval_predict_economy|t|knownLegacy-drop-demo
ecos_demo|td_approval_project_actual_investment|t|knownLegacy-drop-demo
ecos_demo|td_approval_project_agreement_framework|t|knownLegacy-drop-demo
ecos_demo|td_approval_project_contract|t|knownLegacy-drop-demo
ecos_demo|td_approval_project_financial_indicator|t|knownLegacy-drop-demo
ecos_demo|td_approval_project_fund_investment|t|knownLegacy-drop-demo
ecos_demo|td_approval_project_ledger|t|knownLegacy-drop-demo
ecos_demo|td_approval_project_ledger_bak0507|t|knownLegacy-drop-demo
ecos_demo|td_approval_project_location|t|knownLegacy-drop-demo
ecos_demo|td_approval_project_partner|t|knownLegacy-drop-demo
ecos_demo|td_approval_project_remittance|t|knownLegacy-drop-demo
ecos_demo|td_approval_project_risk_indicator|t|knownLegacy-drop-demo
ecos_demo|td_approval_project_shareholder|t|knownLegacy-drop-demo
ecos_demo|td_approval_project_sub_fund|t|knownLegacy-drop-demo
ecos_demo|td_approval_property_registration|t|knownLegacy-drop-demo
ecos_demo|td_approval_risk_assessment|t|knownLegacy-drop-demo
ecos_demo|td_approval_risk_investigation|t|knownLegacy-drop-demo
ecos_demo|td_approval_sasac_apply|t|knownLegacy-drop-demo
ecos_demo|td_approval_sasac_report|t|knownLegacy-drop-demo
ecos_demo|td_approval_yearly_plan|t|knownLegacy-drop-demo
ecos_demo|td_approval_yearly_plan_audit|t|knownLegacy-drop-demo
ecos_demo|td_biz_audit_log|t|knownLegacy-drop-demo
ecos_demo|td_category_node|t|knownLegacy-drop-demo
ecos_demo|td_custom_export_field|t|knownLegacy-drop-demo
ecos_demo|td_data_scope_custom|t|knownLegacy-drop-demo
ecos_demo|td_data_scope_rule|t|knownLegacy-drop-demo
ecos_demo|td_data_scope_rule_column|t|knownLegacy-drop-demo
ecos_demo|td_data_scope_rule_white|t|knownLegacy-drop-demo
ecos_demo|td_data_scope_sql_log|t|knownLegacy-drop-demo
ecos_demo|td_decision_application|t|knownLegacy-drop-demo
ecos_demo|td_decision_attachment|t|knownLegacy-drop-demo
ecos_demo|td_fund_agreement|t|knownLegacy-drop-demo
ecos_demo|td_fund_agreement_contract|t|knownLegacy-drop-demo
ecos_demo|td_fund_agreement_detail|t|knownLegacy-drop-demo
ecos_demo|td_fund_allocation|t|knownLegacy-drop-demo
ecos_demo|td_fund_allocation_flow_detail|t|knownLegacy-drop-demo
ecos_demo|td_fund_allocation_investor_detail|t|knownLegacy-drop-demo
ecos_demo|td_fund_investment_exit|t|knownLegacy-drop-demo
ecos_demo|td_fund_investment_exit_detail|t|knownLegacy-drop-demo
ecos_demo|td_fund_liquidation|t|knownLegacy-drop-demo
ecos_demo|td_fund_liquidation_asset_detail|t|knownLegacy-drop-demo
ecos_demo|td_fund_liquidation_debt_detail|t|knownLegacy-drop-demo
ecos_demo|td_fund_liquidation_investor_detail|t|knownLegacy-drop-demo
ecos_demo|td_fund_liquidation_node_detail|t|knownLegacy-drop-demo
ecos_demo|td_invest_plan_summary|t|knownLegacy-drop-demo
ecos_demo|td_investment_plan_config|t|knownLegacy-drop-demo
ecos_demo|td_investor|t|knownLegacy-drop-demo
ecos_demo|td_investor_test_datax|t|knownLegacy-drop-demo
ecos_demo|td_message_inbox|t|knownLegacy-drop-demo
ecos_demo|td_nnct_oa_biz_flow_rel|t|knownLegacy-drop-demo
ecos_demo|td_nnct_oa_callback_log|t|knownLegacy-drop-demo
ecos_demo|td_nnct_oa_dict_paper_bind|t|knownLegacy-drop-demo
ecos_demo|td_nnct_oa_document|t|knownLegacy-drop-demo
ecos_demo|td_nnct_oa_http_invoke_log|t|knownLegacy-drop-demo
ecos_demo|td_nnct_oa_organization|t|knownLegacy-drop-demo
ecos_demo|td_nnct_oa_user|t|knownLegacy-drop-demo
ecos_demo|td_nnct_oa_user_bak0715|t|knownLegacy-drop-demo
ecos_demo|td_oa_sf_user|t|knownLegacy-drop-demo
ecos_demo|td_postinvestment_key_matter|t|knownLegacy-drop-demo
ecos_demo|td_postinvestment_project_comment|t|knownLegacy-drop-demo
ecos_demo|td_postinvestment_project_comment_problem|t|knownLegacy-drop-demo
ecos_demo|td_postinvestment_project_construction_operation|t|knownLegacy-drop-demo
ecos_demo|td_postinvestment_project_department_suggestion|t|knownLegacy-drop-demo
ecos_demo|td_postinvestment_project_director|t|knownLegacy-drop-demo
ecos_demo|td_postinvestment_project_enablement|t|knownLegacy-drop-demo
ecos_demo|td_postinvestment_project_exit_application|t|knownLegacy-drop-demo
ecos_demo|td_postinvestment_project_exit_application_attachment|t|knownLegacy-drop-demo
ecos_demo|td_postinvestment_project_fund_invest_info|t|knownLegacy-drop-demo
ecos_demo|td_postinvestment_project_operation|t|knownLegacy-drop-demo
ecos_demo|td_postinvestment_project_tracking_stand|t|knownLegacy-drop-demo
ecos_demo|td_preinvestment_key_matter_config|t|knownLegacy-drop-demo
ecos_demo|td_preinvestment_project_config|t|knownLegacy-drop-demo
ecos_demo|td_project_favorite|t|knownLegacy-drop-demo
ecos_demo|td_project_operation_log|t|knownLegacy-drop-demo
ecos_demo|td_project_sort_config|t|knownLegacy-drop-demo
ecos_demo|td_report_project_config|t|knownLegacy-drop-demo
ecos_demo|td_report_submit_history|t|knownLegacy-drop-demo
ecos_demo|td_report_submit_ledger|t|knownLegacy-drop-demo
ecos_demo|td_reserve_core_terms|t|knownLegacy-drop-demo
ecos_demo|td_reserve_followup|t|knownLegacy-drop-demo
ecos_demo|td_reserve_key_matter|t|knownLegacy-drop-demo
ecos_demo|td_reserve_project|t|knownLegacy-drop-demo
ecos_demo|td_reserve_project_bak0507|t|knownLegacy-drop-demo
ecos_demo|td_reserve_yearly_plan|t|knownLegacy-drop-demo
ecos_demo|td_reserve_yearly_plan_summary|t|knownLegacy-drop-demo
ecos_demo|td_risk_handle_infos|t|knownLegacy-drop-demo
ecos_demo|td_risk_ledger|t|knownLegacy-drop-demo
ecos_demo|td_sequence_config|t|knownLegacy-drop-demo
ecos_demo|td_sort_dimension_config|t|knownLegacy-drop-demo
ecos_demo|td_test_contract|t|knownLegacy-drop-demo
ecos_demo|wf_category|t|knownLegacy-drop-demo
ecos_demo|wf_copy|t|knownLegacy-drop-demo
ecos_demo|wf_deploy_form|t|knownLegacy-drop-demo
ecos_demo|wf_form|t|knownLegacy-drop-demo
ecos_dq|dq_alert_record|t|knownLegacy-stopwrite-no-drop
ecos_dq|dq_knowledge_entry|t|knownLegacy-stopwrite-no-drop
ecos_dq|dq_report|t|knownLegacy-stopwrite-no-drop
ecos_dq|dq_rule|t|knownLegacy-stopwrite-no-drop
ecos_dq|dq_rule_check|t|knownLegacy-stopwrite-no-drop
ecos_dq|dq_rule_version|t|knownLegacy-stopwrite-no-drop
ecos_dq|dq_schedule|t|knownLegacy-stopwrite-no-drop
ecos_dq|dq_score_snapshot|t|knownLegacy-stopwrite-no-drop
ecos_dq|dq_throttle|t|knownLegacy-stopwrite-no-drop
ecos_dq|dq_work_order|t|knownLegacy-stopwrite-no-drop
ecos_dq|ecos_pipeline_function|t|knownLegacy-stopwrite-no-drop
ecos_dq|ecos_pipeline_run|t|knownLegacy-stopwrite-no-drop
ecos_dq|ecos_pipeline_step|t|knownLegacy-stopwrite-no-drop
ecos_dq|ecos_pipeline_step_run|t|knownLegacy-stopwrite-no-drop
ecos_dq|ecos_pipeline_task|t|knownLegacy-stopwrite-no-drop
ecos_dq|ecos_pipeline_udf|t|knownLegacy-stopwrite-no-drop
ecos_dq|ecos_quality_evaluation|t|knownLegacy-stopwrite-no-drop
ecos_dq|ecos_quality_rule|t|knownLegacy-stopwrite-no-drop
ecos_dq|schema_changes|t|knownLegacy-stopwrite-no-drop
ecos_dq|schema_snapshots|t|knownLegacy-stopwrite-no-drop
ecos_dw|doc|t|retain-business-dw
ecos_dw|doc_chunk|t|retain-business-dw
ecos_infra|outbox_event|p|knownLegacy-stopwrite-no-drop
ecos_infra|outbox_event_2025_01|t|knownLegacy-stopwrite-no-drop
ecos_infra|outbox_event_2025_02|t|knownLegacy-stopwrite-no-drop
ecos_infra|outbox_event_2025_03|t|knownLegacy-stopwrite-no-drop
ecos_infra|outbox_event_2025_04|t|knownLegacy-stopwrite-no-drop
ecos_infra|outbox_event_2025_05|t|knownLegacy-stopwrite-no-drop
ecos_infra|outbox_event_2025_06|t|knownLegacy-stopwrite-no-drop
ecos_infra|outbox_event_2025_07|t|knownLegacy-stopwrite-no-drop
ecos_infra|outbox_event_2025_08|t|knownLegacy-stopwrite-no-drop
ecos_infra|outbox_event_2025_09|t|knownLegacy-stopwrite-no-drop
ecos_infra|outbox_event_2025_10|t|knownLegacy-stopwrite-no-drop
ecos_infra|outbox_event_2025_11|t|knownLegacy-stopwrite-no-drop
ecos_infra|outbox_event_2025_12|t|knownLegacy-stopwrite-no-drop
ecos_infra|outbox_event_2026_01|t|knownLegacy-stopwrite-no-drop
ecos_infra|outbox_event_2026_02|t|knownLegacy-stopwrite-no-drop
ecos_infra|outbox_event_2026_03|t|knownLegacy-stopwrite-no-drop
ecos_infra|outbox_event_2026_04|t|knownLegacy-stopwrite-no-drop
ecos_infra|outbox_event_2026_05|t|knownLegacy-stopwrite-no-drop
ecos_infra|outbox_event_2026_06|t|knownLegacy-stopwrite-no-drop
ecos_infra|outbox_event_2026_07|t|knownLegacy-stopwrite-no-drop
ecos_infra|outbox_event_2026_08|t|knownLegacy-stopwrite-no-drop
ecos_infra|outbox_event_2026_09|t|knownLegacy-stopwrite-no-drop
ecos_infra|outbox_event_2026_10|t|knownLegacy-stopwrite-no-drop
ecos_infra|outbox_event_2026_11|t|knownLegacy-stopwrite-no-drop
ecos_infra|outbox_event_2026_12|t|knownLegacy-stopwrite-no-drop
ecos_infra|outbox_event_2027_01|t|knownLegacy-stopwrite-no-drop
ecos_infra|outbox_event_2027_02|t|knownLegacy-stopwrite-no-drop
ecos_infra|outbox_event_2027_03|t|knownLegacy-stopwrite-no-drop
ecos_infra|outbox_event_2027_04|t|knownLegacy-stopwrite-no-drop
ecos_infra|outbox_event_2027_05|t|knownLegacy-stopwrite-no-drop
ecos_infra|outbox_event_2027_06|t|knownLegacy-stopwrite-no-drop
ecos_infra|outbox_event_2027_07|t|knownLegacy-stopwrite-no-drop
ecos_infra|outbox_event_2027_08|t|knownLegacy-stopwrite-no-drop
ecos_infra|outbox_event_2027_09|t|knownLegacy-stopwrite-no-drop
ecos_infra|outbox_event_2027_10|t|knownLegacy-stopwrite-no-drop
ecos_infra|outbox_event_2027_11|t|knownLegacy-stopwrite-no-drop
ecos_infra|outbox_event_2027_12|t|knownLegacy-stopwrite-no-drop
ecos_infra|outbox_event_default|t|knownLegacy-stopwrite-no-drop
ecos_infra|saga_instance|t|knownLegacy-stopwrite-no-drop
ecos_infra|schema_version|t|knownLegacy-stopwrite-no-drop
ecos_knowledge|ecos_glossary_term|t|retain-control-5engine
ecos_knowledge|ecos_knowledge_document|t|retain-control-5engine
ecos_knowledge|ecos_knowledge_graph_edge|t|retain-control-5engine
ecos_knowledge|ecos_knowledge_graph_node|t|retain-control-5engine
ecos_knowledge|ecos_marketplace_access_request|t|retain-control-5engine
ecos_knowledge|ecos_marketplace_asset|t|retain-control-5engine
ecos_knowledge|expert_rule|t|retain-control-5engine
ecos_knowledge|graph_edge|t|retain-control-5engine
ecos_knowledge|graph_node|t|retain-control-5engine
ecos_knowledge|graph_subgraph|t|retain-control-5engine
ecos_knowledge|kb_doc|t|retain-control-5engine
ecos_knowledge|kb_doc_chunk|t|retain-control-5engine
ecos_knowledge|kb_extract_audit|t|retain-control-5engine
ecos_knowledge|kb_extract_candidate|t|retain-control-5engine
ecos_knowledge|kb_extract_watermark|t|retain-control-5engine
ecos_knowledge|kb_ontology_snapshot|t|retain-control-5engine
ecos_knowledge|kb_scheduled_extract|t|retain-control-5engine
ecos_knowledge|kg_sync_log|t|retain-control-5engine
ecos_knowledge|knowledge_article|t|retain-control-5engine
ecos_knowledge|knowledge_embedding|t|retain-control-5engine
ecos_ontology|action_definition|t|retain-control-5engine
ecos_ontology|ecos_object_attachment|t|retain-control-5engine
ecos_ontology|ecos_object_data|t|retain-control-5engine
ecos_ontology|ecos_object_links|t|retain-control-5engine
ecos_ontology|ecos_object_relation|t|retain-control-5engine
ecos_ontology|ecos_object_relationship|t|retain-control-5engine
ecos_ontology|ecos_object_state_machine|t|retain-control-5engine
ecos_ontology|ecos_object_timeline|t|retain-control-5engine
ecos_ontology|ecos_object_version|t|retain-control-5engine
ecos_ontology|ecos_workflow|t|retain-control-5engine
ecos_ontology|ecos_workflow_approval|t|retain-control-5engine
ecos_ontology|ecos_workflow_instance|t|retain-control-5engine
ecos_ontology|ecos_workflow_log|t|retain-control-5engine
ecos_ontology|ecos_workflow_task|t|retain-control-5engine
ecos_ontology|entity_definition|t|retain-control-5engine
ecos_ontology|event_definition|t|retain-control-5engine
ecos_ontology|metric_definition|t|retain-control-5engine
ecos_ontology|policy_definition|t|retain-control-5engine
ecos_ontology|relationship_definition|t|retain-control-5engine
ecos_security|ecos_alert_history|t|knownLegacy-stopwrite-no-drop
ecos_security|ecos_spans|t|knownLegacy-stopwrite-no-drop
ecos_security|ecos_token_usage|p|knownLegacy-stopwrite-no-drop
ecos_security|ecos_token_usage_2025_q1|t|knownLegacy-stopwrite-no-drop
ecos_security|ecos_token_usage_2025_q2|t|knownLegacy-stopwrite-no-drop
ecos_security|ecos_token_usage_2025_q3|t|knownLegacy-stopwrite-no-drop
ecos_security|ecos_token_usage_2025_q4|t|knownLegacy-stopwrite-no-drop
ecos_security|ecos_token_usage_2026_q1|t|knownLegacy-stopwrite-no-drop
ecos_security|ecos_token_usage_2026_q2|t|knownLegacy-stopwrite-no-drop
ecos_security|ecos_token_usage_2026_q3|t|knownLegacy-stopwrite-no-drop
ecos_security|ecos_token_usage_2026_q4|t|knownLegacy-stopwrite-no-drop
ecos_security|ecos_token_usage_default|t|knownLegacy-stopwrite-no-drop
ecos_security|td_abac_policy|t|knownLegacy-stopwrite-no-drop
ecos_security|td_audit_log|p|knownLegacy-stopwrite-no-drop
ecos_security|td_audit_log_2024_01|t|knownLegacy-stopwrite-no-drop
ecos_security|td_audit_log_2024_02|t|knownLegacy-stopwrite-no-drop
ecos_security|td_audit_log_2024_03|t|knownLegacy-stopwrite-no-drop
ecos_security|td_audit_log_2024_04|t|knownLegacy-stopwrite-no-drop
ecos_security|td_audit_log_2024_05|t|knownLegacy-stopwrite-no-drop
ecos_security|td_audit_log_2024_06|t|knownLegacy-stopwrite-no-drop
ecos_security|td_audit_log_2024_07|t|knownLegacy-stopwrite-no-drop
ecos_security|td_audit_log_2024_08|t|knownLegacy-stopwrite-no-drop
ecos_security|td_audit_log_2024_09|t|knownLegacy-stopwrite-no-drop
ecos_security|td_audit_log_2024_10|t|knownLegacy-stopwrite-no-drop
ecos_security|td_audit_log_2024_11|t|knownLegacy-stopwrite-no-drop
ecos_security|td_audit_log_2024_12|t|knownLegacy-stopwrite-no-drop
ecos_security|td_audit_log_2025_01|t|knownLegacy-stopwrite-no-drop
ecos_security|td_audit_log_2025_02|t|knownLegacy-stopwrite-no-drop
ecos_security|td_audit_log_2025_03|t|knownLegacy-stopwrite-no-drop
ecos_security|td_audit_log_2025_04|t|knownLegacy-stopwrite-no-drop
ecos_security|td_audit_log_2025_05|t|knownLegacy-stopwrite-no-drop
ecos_security|td_audit_log_2025_06|t|knownLegacy-stopwrite-no-drop
ecos_security|td_audit_log_2025_07|t|knownLegacy-stopwrite-no-drop
ecos_security|td_audit_log_2025_08|t|knownLegacy-stopwrite-no-drop
ecos_security|td_audit_log_2025_09|t|knownLegacy-stopwrite-no-drop
ecos_security|td_audit_log_2025_10|t|knownLegacy-stopwrite-no-drop
ecos_security|td_audit_log_2025_11|t|knownLegacy-stopwrite-no-drop
ecos_security|td_audit_log_2025_12|t|knownLegacy-stopwrite-no-drop
ecos_security|td_audit_log_2026_01|t|knownLegacy-stopwrite-no-drop
ecos_security|td_audit_log_2026_02|t|knownLegacy-stopwrite-no-drop
ecos_security|td_audit_log_2026_03|t|knownLegacy-stopwrite-no-drop
ecos_security|td_audit_log_2026_04|t|knownLegacy-stopwrite-no-drop
ecos_security|td_audit_log_2026_05|t|knownLegacy-stopwrite-no-drop
ecos_security|td_audit_log_2026_06|t|knownLegacy-stopwrite-no-drop
ecos_security|td_audit_log_2026_07|t|knownLegacy-stopwrite-no-drop
ecos_security|td_audit_log_2026_08|t|knownLegacy-stopwrite-no-drop
ecos_security|td_audit_log_2026_09|t|knownLegacy-stopwrite-no-drop
ecos_security|td_audit_log_2026_10|t|knownLegacy-stopwrite-no-drop
ecos_security|td_audit_log_2026_11|t|knownLegacy-stopwrite-no-drop
ecos_security|td_audit_log_2026_12|t|knownLegacy-stopwrite-no-drop
ecos_security|td_audit_log_default|t|knownLegacy-stopwrite-no-drop
ecos_security|td_role_security_profile|t|knownLegacy-stopwrite-no-drop
ecos_security|td_user_security_profile|t|knownLegacy-stopwrite-no-drop
ecos_sysman|demo_customer|t|knownLegacy-stopwrite-no-drop
ecos_sysman|demo_invoice|t|knownLegacy-stopwrite-no-drop
ecos_sysman|demo_supplier|t|knownLegacy-stopwrite-no-drop
ecos_sysman|ecos_tenant|t|knownLegacy-stopwrite-no-drop
ecos_sysman|ecos_tenant_quota|t|knownLegacy-stopwrite-no-drop
ecos_sysman|ecos_tenant_usage|t|knownLegacy-stopwrite-no-drop
ecos_sysman|sys_config|t|knownLegacy-stopwrite-no-drop
ecos_sysman|sys_dict|t|knownLegacy-stopwrite-no-drop
ecos_sysman|td_config|t|knownLegacy-stopwrite-no-drop
ecos_sysman|td_org_permission|t|knownLegacy-stopwrite-no-drop
ecos_sysman|td_organization|t|knownLegacy-stopwrite-no-drop
ecos_sysman|td_permission|t|knownLegacy-stopwrite-no-drop
ecos_sysman|td_role|t|knownLegacy-stopwrite-no-drop
ecos_sysman|td_role_permission|t|knownLegacy-stopwrite-no-drop
ecos_sysman|td_role_security_profile|t|knownLegacy-stopwrite-no-drop
ecos_sysman|td_user|t|knownLegacy-stopwrite-no-drop
ecos_sysman|td_user_organization|t|knownLegacy-stopwrite-no-drop
ecos_sysman|td_user_role|t|knownLegacy-stopwrite-no-drop
ecos_sysman|td_user_security_profile|t|knownLegacy-stopwrite-no-drop
ecos_sysman|users|t|knownLegacy-stopwrite-no-drop
public|crypto_audit_ledger|t|retain-then-rehome-to-ecos_control
public|demo_customer|t|retain-then-rehome-to-ecos_control
public|demo_invoice|t|retain-then-rehome-to-ecos_control
public|demo_project|t|retain-then-rehome-to-ecos_control
public|demo_supplier|t|retain-then-rehome-to-ecos_control
public|dict_column|t|retain-then-rehome-to-ecos_control
public|dict_table|t|retain-then-rehome-to-ecos_control
public|dw_supplier_agg|t|retain-then-rehome-to-ecos_control
public|ecos_action_type|t|retain-then-rehome-to-ecos_control
public|ecos_agent|t|retain-then-rehome-to-ecos_control
public|ecos_agent_alert|t|retain-then-rehome-to-ecos_control
public|ecos_agent_execution|t|retain-then-rehome-to-ecos_control
public|ecos_agent_execution_step|t|retain-then-rehome-to-ecos_control
public|ecos_agent_memory|t|retain-then-rehome-to-ecos_control
public|ecos_agent_metrics|t|retain-then-rehome-to-ecos_control
public|ecos_agent_registry|t|retain-then-rehome-to-ecos_control
public|ecos_agent_version|t|retain-then-rehome-to-ecos_control
public|ecos_alert_history|t|retain-then-rehome-to-ecos_control
public|ecos_alert_rule|t|retain-then-rehome-to-ecos_control
public|ecos_audit_log|t|retain-then-rehome-to-ecos_control
public|ecos_biz_contract|t|retain-then-rehome-to-ecos_control
public|ecos_biz_department|t|retain-then-rehome-to-ecos_control
public|ecos_biz_metric|t|retain-then-rehome-to-ecos_control
public|ecos_biz_project|t|retain-then-rehome-to-ecos_control
public|ecos_biz_target|t|retain-then-rehome-to-ecos_control
public|ecos_business_glossary|t|retain-then-rehome-to-ecos_control
public|ecos_business_scenario|t|retain-then-rehome-to-ecos_control
public|ecos_cls_policy|t|retain-then-rehome-to-ecos_control
public|ecos_cognitive_belief|t|retain-then-rehome-to-ecos_control
public|ecos_cognitive_evidence|t|retain-then-rehome-to-ecos_control
public|ecos_cognitive_hypothesis|t|retain-then-rehome-to-ecos_control
public|ecos_cognitive_model|t|retain-then-rehome-to-ecos_control
public|ecos_cognitive_run_invalidation|t|retain-then-rehome-to-ecos_control
public|ecos_cron_job|t|retain-then-rehome-to-ecos_control
public|ecos_cron_job_execution|t|retain-then-rehome-to-ecos_control
public|ecos_data_lineage_edge|t|retain-then-rehome-to-ecos_control
public|ecos_data_lineage_node|t|retain-then-rehome-to-ecos_control
public|ecos_data_pipeline|t|retain-then-rehome-to-ecos_control
public|ecos_data_pipeline_edge|t|retain-then-rehome-to-ecos_control
public|ecos_data_pipeline_node|t|retain-then-rehome-to-ecos_control
public|ecos_data_request|t|retain-then-rehome-to-ecos_control
public|ecos_decision|t|retain-then-rehome-to-ecos_control
public|ecos_decision_approval|t|retain-then-rehome-to-ecos_control
public|ecos_decision_case|t|retain-then-rehome-to-ecos_control
public|ecos_decision_causal_link|t|retain-then-rehome-to-ecos_control
public|ecos_decision_exception|t|retain-then-rehome-to-ecos_control
public|ecos_decision_policy|t|retain-then-rehome-to-ecos_control
public|ecos_decision_precedent|t|retain-then-rehome-to-ecos_control
public|ecos_decision_record|t|retain-then-rehome-to-ecos_control
public|ecos_decision_source_ref|t|retain-then-rehome-to-ecos_control
public|ecos_domain|t|retain-then-rehome-to-ecos_control
public|ecos_dq_execution_result|t|retain-then-rehome-to-ecos_control
public|ecos_dq_issue|t|retain-then-rehome-to-ecos_control
public|ecos_dq_rule|t|retain-then-rehome-to-ecos_control
public|ecos_dq_rule_v2|t|retain-then-rehome-to-ecos_control
public|ecos_entity_table_mapping|t|retain-then-rehome-to-ecos_control
public|ecos_function_audit_log|t|retain-then-rehome-to-ecos_control
public|ecos_glossary_term|t|retain-then-rehome-to-ecos_control
public|ecos_glossary_term_relation|t|retain-then-rehome-to-ecos_control
public|ecos_goal_tracking|t|retain-then-rehome-to-ecos_control
public|ecos_knowledge_document|t|retain-then-rehome-to-ecos_control
public|ecos_knowledge_graph_edge|t|retain-then-rehome-to-ecos_control
public|ecos_knowledge_graph_node|t|retain-then-rehome-to-ecos_control
public|ecos_marketplace_access_request|t|retain-then-rehome-to-ecos_control
public|ecos_marketplace_asset|t|retain-then-rehome-to-ecos_control
public|ecos_mission|t|retain-then-rehome-to-ecos_control
public|ecos_mission_task|t|retain-then-rehome-to-ecos_control
public|ecos_object_attachment|t|retain-then-rehome-to-ecos_control
public|ecos_object_data|t|retain-then-rehome-to-ecos_control
public|ecos_object_links|t|retain-then-rehome-to-ecos_control
public|ecos_object_relation|t|retain-then-rehome-to-ecos_control
public|ecos_object_relationship|t|retain-then-rehome-to-ecos_control
public|ecos_object_state_machine|t|retain-then-rehome-to-ecos_control
public|ecos_object_timeline|t|retain-then-rehome-to-ecos_control
public|ecos_object_version|t|retain-then-rehome-to-ecos_control
public|ecos_ontology|t|retain-then-rehome-to-ecos_control
public|ecos_ontology_action|t|retain-then-rehome-to-ecos_control
public|ecos_ontology_data|t|retain-then-rehome-to-ecos_control
public|ecos_ontology_entity|t|retain-then-rehome-to-ecos_control
public|ecos_ontology_property|t|retain-then-rehome-to-ecos_control
public|ecos_ontology_proposals|t|retain-then-rehome-to-ecos_control
public|ecos_ontology_relationship|t|retain-then-rehome-to-ecos_control
public|ecos_ontology_rule|t|retain-then-rehome-to-ecos_control
public|ecos_ontology_version|t|retain-then-rehome-to-ecos_control
public|ecos_pipeline_definition|t|retain-then-rehome-to-ecos_control
public|ecos_pipeline_execution|t|retain-then-rehome-to-ecos_control
public|ecos_pipeline_function|t|retain-then-rehome-to-ecos_control
public|ecos_pipeline_node|t|retain-then-rehome-to-ecos_control
public|ecos_pipeline_run|t|retain-then-rehome-to-ecos_control
public|ecos_pipeline_step|t|retain-then-rehome-to-ecos_control
public|ecos_pipeline_step_run|t|retain-then-rehome-to-ecos_control
public|ecos_pipeline_task|t|retain-then-rehome-to-ecos_control
public|ecos_pipeline_test_out|t|retain-then-rehome-to-ecos_control
public|ecos_pipeline_test_out_marker|t|retain-then-rehome-to-ecos_control
public|ecos_pipeline_udf|t|retain-then-rehome-to-ecos_control
public|ecos_provenance_entry|t|retain-then-rehome-to-ecos_control
public|ecos_quality_evaluation|t|retain-then-rehome-to-ecos_control
public|ecos_quality_rule|t|retain-then-rehome-to-ecos_control
public|ecos_query_history|t|retain-then-rehome-to-ecos_control
public|ecos_query_template|t|retain-then-rehome-to-ecos_control
public|ecos_rls_policy|t|retain-then-rehome-to-ecos_control
public|ecos_scenario_active_mind|t|retain-then-rehome-to-ecos_control
public|ecos_scenario_asset_binding|t|retain-then-rehome-to-ecos_control
public|ecos_scenario_binding|t|retain-then-rehome-to-ecos_control
public|ecos_scenario_binding_edge|t|retain-then-rehome-to-ecos_control
public|ecos_scenario_binding_link|t|retain-then-rehome-to-ecos_control
public|ecos_scenario_canvas_layout|t|retain-then-rehome-to-ecos_control
public|ecos_scenario_decision_record|t|retain-then-rehome-to-ecos_control
public|ecos_scenario_definition|t|retain-then-rehome-to-ecos_control
public|ecos_scenario_execution|t|retain-then-rehome-to-ecos_control
public|ecos_scenario_mind|t|retain-then-rehome-to-ecos_control
public|ecos_scenario_mind_ref|t|retain-then-rehome-to-ecos_control
public|ecos_scenario_mind_variant|t|retain-then-rehome-to-ecos_control
public|ecos_scenario_query_history|t|retain-then-rehome-to-ecos_control
public|ecos_scenario_run|t|retain-then-rehome-to-ecos_control
public|ecos_scenario_sandbox_layout|t|retain-then-rehome-to-ecos_control
public|ecos_skill|t|retain-then-rehome-to-ecos_control
public|ecos_spans|t|retain-then-rehome-to-ecos_control
public|ecos_tenant|t|retain-then-rehome-to-ecos_control
public|ecos_tenant_quota|t|retain-then-rehome-to-ecos_control
public|ecos_tenant_usage|t|retain-then-rehome-to-ecos_control
public|ecos_term_entity_binding|t|retain-then-rehome-to-ecos_control
public|ecos_token_blacklist|t|retain-then-rehome-to-ecos_control
public|ecos_token_usage|t|retain-then-rehome-to-ecos_control
public|ecos_tool_definition|t|retain-then-rehome-to-ecos_control
public|ecos_warn_log|t|retain-then-rehome-to-ecos_control
public|ecos_wm_causal_link|t|retain-then-rehome-to-ecos_control
public|ecos_wm_goal|t|retain-then-rehome-to-ecos_control
public|ecos_wm_goal_log|t|retain-then-rehome-to-ecos_control
public|ecos_wm_scenario|t|retain-then-rehome-to-ecos_control
public|ecos_workflow|t|retain-then-rehome-to-ecos_control
public|ecos_workflow_edge|t|retain-then-rehome-to-ecos_control
public|ecos_workflow_instance|t|retain-then-rehome-to-ecos_control
public|ecos_workflow_log|t|retain-then-rehome-to-ecos_control
public|ecos_workflow_node|t|retain-then-rehome-to-ecos_control
public|ecos_workflow_task|t|retain-then-rehome-to-ecos_control
public|ecos_workflow_v2|t|retain-then-rehome-to-ecos_control
public|ecos_working_memory|t|retain-then-rehome-to-ecos_control
public|ecos_world_causal_link|t|retain-then-rehome-to-ecos_control
public|ecos_world_goal|t|retain-then-rehome-to-ecos_control
public|ecos_world_scenario|t|retain-then-rehome-to-ecos_control
public|ecos_world_scenario_impact|t|retain-then-rehome-to-ecos_control
public|ecos_world_scenarios|t|retain-then-rehome-to-ecos_control
public|extraction_drafts|t|retain-then-rehome-to-ecos_control
public|flyway_schema_history|t|retain-then-rehome-to-ecos_control
public|kb_cognitive_pipeline|t|retain-then-rehome-to-ecos_control
public|kb_lineage_event|t|retain-then-rehome-to-ecos_control
public|permissions|t|retain-then-rehome-to-ecos_control
public|roles|t|retain-then-rehome-to-ecos_control
public|schema_changes|t|retain-then-rehome-to-ecos_control
public|schema_snapshots|t|retain-then-rehome-to-ecos_control
public|sys_agent_call_log|t|retain-then-rehome-to-ecos_control
public|sys_agent_message|t|retain-then-rehome-to-ecos_control
public|sys_agent_profile|t|retain-then-rehome-to-ecos_control
public|sys_agent_session|t|retain-then-rehome-to-ecos_control
public|sys_audit_log|t|retain-then-rehome-to-ecos_control
public|sys_compliance_rule|t|retain-then-rehome-to-ecos_control
public|sys_config|t|retain-then-rehome-to-ecos_control
public|sys_dict|t|retain-then-rehome-to-ecos_control
public|sys_token_blacklist|t|retain-then-rehome-to-ecos_control
public|tb_menu_module|t|retain-then-rehome-to-ecos_control
public|td_abac_policy|t|retain-then-rehome-to-ecos_control
public|td_audit_log|t|retain-then-rehome-to-ecos_control
public|td_catalog_item|t|retain-then-rehome-to-ecos_control
public|td_compliance_policy|t|retain-then-rehome-to-ecos_control
public|td_config|t|retain-then-rehome-to-ecos_control
public|td_config_version|t|retain-then-rehome-to-ecos_control
public|td_cross_border_transfer|t|retain-then-rehome-to-ecos_control
public|td_crypto_key|t|retain-then-rehome-to-ecos_control
public|td_crypto_key_audit|t|retain-then-rehome-to-ecos_control
public|td_crypto_master_key|t|retain-then-rehome-to-ecos_control
public|td_data_category|t|retain-then-rehome-to-ecos_control
public|td_data_description|t|retain-then-rehome-to-ecos_control
public|td_data_field|t|retain-then-rehome-to-ecos_control
public|td_data_permission_policy|t|retain-then-rehome-to-ecos_control
public|td_data_residency|t|retain-then-rehome-to-ecos_control
public|td_data_resource|t|retain-then-rehome-to-ecos_control
public|td_data_security_policy|t|retain-then-rehome-to-ecos_control
public|td_datasource|t|retain-then-rehome-to-ecos_control
public|td_git_repository|t|retain-then-rehome-to-ecos_control
public|td_ip_access|t|retain-then-rehome-to-ecos_control
public|td_metadata_collect_log|t|retain-then-rehome-to-ecos_control
public|td_org_permission|t|retain-then-rehome-to-ecos_control
public|td_organization|t|retain-then-rehome-to-ecos_control
public|td_organization_backup|t|retain-then-rehome-to-ecos_control
public|td_permission|t|retain-then-rehome-to-ecos_control
public|td_permission_backup|t|retain-then-rehome-to-ecos_control
public|td_role|t|retain-then-rehome-to-ecos_control
public|td_role_backup|t|retain-then-rehome-to-ecos_control
public|td_role_permission|t|retain-then-rehome-to-ecos_control
public|td_role_security_profile|t|retain-then-rehome-to-ecos_control
public|td_runtime_task|t|retain-then-rehome-to-ecos_control
public|td_runtime_task_execution|t|retain-then-rehome-to-ecos_control
public|td_runtime_task_log|t|retain-then-rehome-to-ecos_control
public|td_runtime_task_plan|t|retain-then-rehome-to-ecos_control
public|td_runtime_task_status|t|retain-then-rehome-to-ecos_control
public|td_schema_registry|t|retain-then-rehome-to-ecos_control
public|td_schema_version|t|retain-then-rehome-to-ecos_control
public|td_sm_user|t|retain-then-rehome-to-ecos_control
public|td_system_param|t|retain-then-rehome-to-ecos_control
public|td_system_variable|t|retain-then-rehome-to-ecos_control
public|td_tenant|t|retain-then-rehome-to-ecos_control
public|td_tenant_config|t|retain-then-rehome-to-ecos_control
public|td_user|t|retain-then-rehome-to-ecos_control
public|td_user_backup|t|retain-then-rehome-to-ecos_control
public|td_user_organization|t|retain-then-rehome-to-ecos_control
public|td_user_role|t|retain-then-rehome-to-ecos_control
public|td_user_security_profile|t|retain-then-rehome-to-ecos_control
public|user_security_configs|t|retain-then-rehome-to-ecos_control
public|users|t|retain-then-rehome-to-ecos_control
public|v_legacy_ecos_business_scenario|v|retain-then-rehome-to-ecos_control
public|v_legacy_ecos_decision_record|v|retain-then-rehome-to-ecos_control
public|v_legacy_ecos_scenario_binding|v|retain-then-rehome-to-ecos_control
public|v_legacy_ecos_scenario_binding_link|v|retain-then-rehome-to-ecos_control
public|v_legacy_ecos_scenario_mind|v|retain-then-rehome-to-ecos_control
public|v_legacy_ecos_scenario_run|v|retain-then-rehome-to-ecos_control
public|v_legacy_ecos_scenario_sandbox_layout|v|retain-then-rehome-to-ecos_control
public|员工|t|retain-then-rehome-to-ecos_control
public|数据目录|t|retain-then-rehome-to-ecos_control
public|经营数据|t|retain-then-rehome-to-ecos_control
